WORDCOUNTS,WEIGHT
the,19
and,7
of,6
in,5
is,5
a,5
case,4
x,4
to,3
tests,3
asymptotic,3
weibull,3
that,3
has,3
model,3
rank,3
are,3
models,2
but,2
by,2
this,2
york,2
irregular,2
been,2
regular,2
springer,2
almost,2
for,2
book,2
with,2
new,2
minskii,2
corresponding,2
statistical,2
nonregular,2
janssen,1
where,1
theoretical,1
monograph,1
asymptotically,1
weak,1
f,1
complexity,1
it,1
prototypal,1
does,1
fisher,1
ibragimov,1
most,1
show,1
two,1
references,1
have,1
authors,1
wichita,1
material,1
matter,1
powerful,1
convergence,1
sophisticated,1
important,1
paperback,1
efficient,1
theory,1
l,1
david,1
typically,1
developed,1
may,1
lucid,1
practical,1
instance,1
z,1
represent,1
basic,1
mukeriee,1
technical,1
immediate,1
definedrathe,1
m,1
primarily,1
information,1
presentation,1
le,1
r,1
quite,1
cases,1
still,1
used,1
berlin,1
experiments,1
properties,1
considering,1
they,1
vi,1
tool,1
deals,1
nonnormal,1
highly,1
exp,1
concept,1
methods,1
mason,1
estimation,1
applications,1
example,1
knowledgeable,1
not,1
find,1
types,1
lbragimov,1
subject,1
studied,1
hari,1
pp,1
results,1
extensions,1
cam,1
distributions,1
under,1
i,1
university,1
locally,1
oc,1
addressed,1
arnold,1
mathematically,1
advances,1
lecam,1
density,1
state,1
infinite,1
throughout,1
innate,1
decision,1
readers,1
normal,1
